Year,OSHPD ID,Count
2009,10735,15583
2009,10739,103047
2009,10776,57969
2009,10782,9035
2009,10805,47242
2009,10844,42561
2009,10846,130317
2009,10856,90619
2009,10858,68114
2009,10887,20086
2009,10937,80910
2009,10967,43459
2009,10987,68460
2009,13619,17297
2009,13687,7103
2009,14034,28724
2009,14050,47799
2009,14207,7348
2009,14226,3358
2009,34002,9057
2009,40802,3775
2009,40875,22186
2009,40937,38308
2009,40962,71247
2009,44006,5211
2009,50932,5804
2009,60870,4840
2009,70904,30832
2009,70924,44733
2009,70934,32308
2009,70988,94889
2009,70990,72651
2009,71018,48016
2009,74017,24180
2009,74039,19210
2009,74097,31459
2009,84001,8552
2009,90793,11166
2009,90933,27771
2009,94002,2440
2009,100005,37797
2009,100697,22544
2009,100717,209308
2009,100745,7862
2009,100797,7722
2009,100899,116569
2009,104023,15775
2009,104047,4540
2009,104062,32304
2009,104089,5118
2009,105029,10991
2009,110889,1288
2009,121002,8549
2009,121031,5272
2009,121051,6959
2009,121080,32136
2009,124004,4246
2009,130699,27297
2009,130760,23506
2009,141273,3704
2009,141338,4599
2009,150706,32677
2009,150722,79663
2009,150736,58074
2009,150737,21235
2009,150761,67490
2009,150775,22668
2009,150782,12278
2009,150788,72512
2009,150808,3708
2009,154022,17491
2009,154101,15211
2009,154147,3714
2009,160702,1368
2009,160725,36325
2009,160787,14410
2009,171049,6895
2009,171395,7652
2009,184008,4821
2009,190017,35740
2009,190020,26573
2009,190034,115044
2009,190045,631
2009,190049,22019
2009,190052,21725
2009,190053,66736
2009,190066,27142
2009,190081,39260
2009,190110,59697
2009,190125,79169
2009,190137,22385
2009,190148,77779
2009,190150,23386
2009,190159,17114
2009,190163,30595
2009,190170,86082
2009,190176,57113
2009,190184,49468
2009,190196,22782
2009,190197,12242
2009,190198,37272
2009,190200,48501
2009,190232,38027
2009,190240,37796
2009,190243,52193
2009,190256,31687
2009,190280,17999
2009,190298,22709
2009,190305,27173
2009,190307,28910
2009,190315,67185
2009,190317,12952
2009,190323,116222
2009,190328,13220
2009,190352,18286
2009,190380,21769
2009,190382,111673
2009,190385,85080
2009,190392,91910
2009,190400,141948
2009,190410,22109
2009,190413,44827
2009,190422,113286
2009,190429,117927
2009,190430,57950
2009,190431,55551
2009,190432,53016
2009,190434,47428
2009,190449,63966
2009,190455,28768
2009,190462,20989
2009,190468,45490
2009,190470,97282
2009,190475,19153
2009,190500,16326
2009,190517,66249
2009,190521,52337
2009,190522,59228
2009,190524,33935
2009,190525,117381
2009,190529,90903
2009,190534,33093
2009,190541,4138
2009,190547,22192
2009,190552,71011
2009,190555,300335
2009,190568,92944
2009,190570,18020
2009,190587,42818
2009,190630,125248
2009,190631,80282
2009,190636,87080
2009,190646,17901
2009,190661,11946
2009,190673,16025
2009,190680,62841
2009,190681,935
2009,190687,81878
2009,190696,56442
2009,190708,19892
2009,190712,6084
2009,190754,125081
2009,190756,62997
2009,190758,97556
2009,190762,55588
2009,190766,16778
2009,190782,15689
2009,190784,14425
2009,190796,165649
2009,190812,88887
2009,190814,17332
2009,190818,36797
2009,190854,40957
2009,190857,1605
2009,190859,40322
2009,190878,101342
2009,190883,42465
2009,190930,23807
2009,190949,54778
2009,191216,12578
2009,191225,17879
2009,191227,130202
2009,191228,178680
2009,191231,69748
2009,191306,64157
2009,191450,54211
2009,194010,8381
2009,194219,54285
2009,194967,5576
2009,194981,5623
2009,196035,54741
2009,196168,96234
2009,196403,20600
2009,196404,39846
2009,201281,26829
2009,204019,81869
2009,210992,23554
2009,210993,18073
2009,211006,46107
2009,214034,6603
2009,220733,4553
2009,230949,5537
2009,231013,5991
2009,231396,13139
2009,240924,6982
2009,240942,49605
2009,244027,3344
2009,250955,9068
2009,250956,21971
2009,260011,1824
2009,270744,56275
2009,270777,18116
2009,270875,52545
2009,274043,38834
2009,281047,43412
2009,281078,20935
2009,281297,75171
2009,291023,24654
2009,291053,8460
2009,300032,61852
2009,300225,49135
2009,301097,8426
2009,301098,54939
2009,301127,17723
2009,301132,95634
2009,301140,19780
2009,301155,38123
2009,301175,94660
2009,301188,50087
2009,301205,129227
2009,301209,15677
2009,301234,15810
2009,301248,46710
2009,301258,40459
2009,301262,82910
2009,301279,104496
2009,301283,30331
2009,301297,14020
2009,301304,10265
2009,301317,80150
2009,301337,51969
2009,301340,96763
2009,301342,89917
2009,301357,8289
2009,301379,33415
2009,301380,35502
2009,301566,51619
2009,304045,531
2009,304079,13314
2009,304113,9864
2009,304159,2955
2009,304426,4649
2009,310791,13340
2009,311000,75222
2009,314029,4467
2009,320859,21374
2009,320986,1564
2009,321016,1057
2009,330120,26095
2009,331152,50129
2009,331164,86952
2009,331168,74415
2009,331194,62993
2009,331216,32967
2009,331226,7151
2009,331288,6409
2009,331293,37577
2009,331312,99241
2009,331326,15256
2009,332172,11975
2009,334018,17851
2009,334025,61845
2009,334048,21504
2009,334068,69750
2009,334457,4520
2009,334487,114165
2009,340913,142214
2009,340947,93643
2009,340950,84052
2009,340951,85128
2009,341006,172023
2009,341051,73475
2009,341052,95279
2009,342344,42545
2009,342392,19651
2009,344011,25242
2009,344017,18827
2009,344021,21137
2009,344029,19068
2009,344035,10505
2009,344114,10170
2009,350784,13110
2009,361105,7685
2009,361110,1035
2009,361144,16833
2009,361166,16604
2009,361223,116210
2009,361246,204884
2009,361266,2136
2009,361274,29023
2009,361308,58341
2009,361318,64303
2009,361323,61344
2009,361339,79830
2009,361343,62145
2009,361370,24194
2009,361458,1965
2009,362041,57033
2009,364014,27477
2009,364050,24661
2009,364121,12660
2009,364144,22939
2009,364188,17950
2009,364231,112549
2009,370652,44650
2009,370673,88288
2009,370689,40285
2009,370693,6634
2009,370694,107537
2009,370695,58123
2009,370705,25552
2009,370714,125856
2009,370721,16241
2009,370730,125090
2009,370744,148276
2009,370745,40461
2009,370749,21096
2009,370755,112346
2009,370759,51368
2009,370771,83651
2009,370780,79559
2009,370782,139727
2009,370787,29605
2009,370875,99619
2009,370977,71288
2009,371256,40176
2009,371394,46885
2009,374024,23847
2009,374049,3626
2009,374055,67977
2009,374084,7842
2009,374094,20533
2009,380842,149862
2009,380857,62865
2009,380865,379118
2009,380868,6032
2009,380929,176826
2009,380939,150103
2009,380960,36954
2009,380964,45460
2009,380965,42369
2009,381154,193097
2009,382715,10870
2009,390846,53687
2009,390923,42205
2009,391010,43079
2009,391042,88316
2009,391056,18484
2009,392232,8907
2009,392287,18428
2009,394003,14806
2009,394009,43722
2009,400466,12218
2009,400480,18089
2009,400524,32445
2009,400548,26277
2009,404046,3203
2009,410782,122702
2009,410804,35429
2009,410806,24389
2009,410817,77539
2009,410828,30432
2009,410852,89374
2009,410891,36828
2009,414018,630
2009,420483,5443
2009,420491,14230
2009,420493,66967
2009,420514,94145
2009,420522,893
2009,424002,5435
2009,430705,58424
2009,430743,3324
2009,430763,94511
2009,430779,97348
2009,430837,69093
2009,430883,133401
2009,430905,134811
2009,431506,55375
2009,434040,89405
2009,434051,5913
2009,434138,14061
2009,434153,97837
2009,440755,66270
2009,444012,7033
2009,444013,26127
2009,450936,3067
2009,450940,18336
2009,450949,59715
2009,454012,23500
2009,454013,710
2009,470871,8613
2009,474007,5459
2009,480989,76403
2009,481015,19388
2009,481094,20659
2009,481357,25447
2009,484001,12258
2009,484028,4159
2009,484044,2698
2009,490919,25328
2009,490964,3764
2009,491001,11160
2009,491064,60856
2009,491076,13215
2009,491338,5054
2009,494019,35104
2009,500852,114100
2009,500867,87349
2009,500939,103385
2009,500954,18339
2009,500967,34060
2009,504038,2525
2009,510882,27249
2009,514001,2926
2009,514030,527
2009,514033,4257
2009,514037,2123
2009,521041,10947
2009,531059,2130
2009,540734,131147
2009,540798,40327
2009,540816,22488
2009,551061,6055
2009,554011,38554
2009,560203,24221
2009,560473,55208
2009,560481,57891
2009,560492,80911
2009,560501,20557
2009,560508,27890
2009,560525,31802
2009,560529,62933
2009,560838,6632
2009,564121,1750
2009,571086,17591
2009,574010,11686
2009,580996,35130
2010,10735,20175
2010,10739,101485
2010,10776,53974
2010,10782,11127
2010,10805,43584
2010,10844,40107
2010,10846,157358
2010,10856,90697
2010,10858,60132
2010,10887,19676
2010,10937,75831
2010,10967,44026
2010,10987,66417
2010,13619,17485
2010,13687,6690
2010,14034,31474
2010,14050,47245
2010,14207,7856
2010,14226,3324
2010,34002,8253
2010,40802,3832
2010,40875,22458
2010,40937,38349
2010,40962,72504
2010,44006,5064
2010,50932,5178
2010,60870,5126
2010,70904,32137
2010,70924,44368
2010,70934,32222
2010,70988,90774
2010,70990,70787
2010,71018,45369
2010,74017,21461
2010,74039,17648
2010,74097,31327
2010,84001,8746
2010,90793,11226
2010,90933,26547
2010,94002,2377
2010,100005,36965
2010,100697,12263
2010,100717,237787
2010,100745,30746
2010,100797,6779
2010,100899,113486
2010,104023,17209
2010,104047,4335
2010,104062,30136
2010,104089,4875
2010,105029,10135
2010,110889,1315
2010,121002,8759
2010,121031,2923
2010,121051,6420
2010,121080,31588
2010,124004,3811
2010,130699,25183
2010,130760,24959
2010,141273,3093
2010,141338,5815
2010,150706,27548
2010,150722,76524
2010,150736,56455
2010,150737,26728
2010,150761,58878
2010,150775,24122
2010,150782,11787
2010,150788,74490
2010,150808,6451
2010,154022,18213
2010,154101,15262
2010,154147,3436
2010,154160,65
2010,160702,1530
2010,160725,34544
2010,160787,14187
2010,164029,3252
2010,171049,7421
2010,171395,7577
2010,184008,4482
2010,190017,25021
2010,190020,28721
2010,190034,116573
2010,190045,269
2010,190049,23548
2010,190052,23778
2010,190053,64630
2010,190066,26421
2010,190081,38161
2010,190110,56735
2010,190125,77568
2010,190137,21145
2010,190148,72726
2010,190150,21762
2010,190159,15852
2010,190163,31845
2010,190170,89564
2010,190176,55939
2010,190184,49608
2010,190196,25918
2010,190197,11226
2010,190198,36192
2010,190200,45753
2010,190232,39178
2010,190240,38077
2010,190243,46112
2010,190256,27331
2010,190280,18643
2010,190298,21181
2010,190305,28243
2010,190307,30387
2010,190315,66839
2010,190317,12203
2010,190323,118263
2010,190328,14208
2010,190352,17690
2010,190380,20186
2010,190382,101561
2010,190385,81612
2010,190392,88288
2010,190400,134956
2010,190410,22882
2010,190413,42467
2010,190422,115535
2010,190429,135976
2010,190431,57886
2010,190432,47248
2010,190434,48828
2010,190449,58772
2010,190455,24435
2010,190462,16613
2010,190468,50157
2010,190470,101320
2010,190475,19459
2010,190500,16715
2010,190517,67009
2010,190521,48784
2010,190522,60704
2010,190524,34618
2010,190525,108887
2010,190529,89301
2010,190534,32270
2010,190541,8509
2010,190547,20917
2010,190552,50005
2010,190555,305164
2010,190568,94563
2010,190570,16102
2010,190587,43630
2010,190630,117358
2010,190631,85049
2010,190636,76477
2010,190661,19990
2010,190673,13449
2010,190680,75757
2010,190681,930
2010,190687,78498
2010,190696,51315
2010,190708,17663
2010,190712,4981
2010,190754,114415
2010,190756,58477
2010,190758,95212
2010,190762,54995
2010,190766,14359
2010,190782,16482
2010,190784,20325
2010,190796,162372
2010,190812,84740
2010,190814,17654
2010,190818,33682
2010,190854,31668
2010,190857,7643
2010,190859,41195
2010,190878,103782
2010,190883,38788
2010,190930,23934
2010,190949,59468
2010,191216,1939
2010,191225,15003
2010,191227,120011
2010,191228,211753
2010,191231,69510
2010,191306,67974
2010,191450,53532
2010,194010,8733
2010,194219,72506
2010,194967,4253
2010,194981,5703
2010,196035,52157
2010,196168,99194
2010,196403,84797
2010,196404,65678
2010,201281,27251
2010,204019,78159
2010,210992,22603
2010,210993,18052
2010,211006,46506
2010,214034,6173
2010,220733,9669
2010,230949,5524
2010,231013,6407
2010,231396,12983
2010,240924,6208
2010,240942,54416
2010,244027,2668
2010,250955,7300
2010,250956,11127
2010,260011,1768
2010,270744,54082
2010,270777,25023
2010,270875,48158
2010,274043,37786
2010,281047,41645
2010,281078,24288
2010,291023,23559
2010,291053,6714
2010,300032,59779
2010,300225,48492
2010,301097,5510
2010,301098,58362
2010,301127,22557
2010,301132,92551
2010,301140,22698
2010,301155,36728
2010,301175,94680
2010,301188,48897
2010,301205,134566
2010,301209,14892
2010,301234,17542
2010,301248,46427
2010,301258,36571
2010,301262,82186
2010,301279,104210
2010,301283,27918
2010,301297,13363
2010,301304,11066
2010,301317,75571
2010,301337,18651
2010,301340,88882
2010,301342,89745
2010,301357,14601
2010,301379,34499
2010,301380,37116
2010,301566,44036
2010,304079,14800
2010,304113,8750
2010,304159,12428
2010,304426,2457
2010,304460,763
2010,310791,14789
2010,311000,77684
2010,314029,4281
2010,320859,12369
2010,320986,1596
2010,321016,1216
2010,330120,21873
2010,331152,47828
2010,331164,87119
2010,331168,79233
2010,331194,61994
2010,331216,33938
2010,331226,6108
2010,331288,5642
2010,331293,40301
2010,331312,104423
2010,331326,15017
2010,332172,12326
2010,334018,17224
2010,334025,60312
2010,334048,21975
2010,334068,70415
2010,334457,3945
2010,334487,121872
2010,340913,144548
2010,340947,94286
2010,340950,97807
2010,340951,81121
2010,341006,166705
2010,341051,85272
2010,341052,90625
2010,342344,46303
2010,342392,25310
2010,344011,17345
2010,344017,17483
2010,344021,22577
2010,344029,18417
2010,344035,11518
2010,344114,8405
2010,344170,2927
2010,350784,12704
2010,361105,7353
2010,361110,929
2010,361144,16558
2010,361166,17603
2010,361223,111767
2010,361246,205039
2010,361266,1615
2010,361274,28999
2010,361308,55085
2010,361318,63503
2010,361323,61535
2010,361339,78316
2010,361343,63176
2010,361370,24314
2010,361458,1531
2010,362041,41791
2010,364014,27388
2010,364050,29007
2010,364121,14195
2010,364144,26000
2010,364188,19571
2010,364231,111604
2010,370652,41714
2010,370673,77792
2010,370689,51079
2010,370694,167964
2010,370705,22213
2010,370714,127110
2010,370721,16680
2010,370730,114516
2010,370744,151252
2010,370745,39845
2010,370749,21715
2010,370755,114413
2010,370759,48931
2010,370771,79783
2010,370780,73549
2010,370782,142467
2010,370787,30445
2010,370875,102701
2010,370977,58926
2010,371256,41816
2010,371394,44747
2010,374024,24488
2010,374049,3118
2010,374055,73343
2010,374084,7906
2010,374094,24477
2010,380842,172209
2010,380857,65119
2010,380865,364098
2010,380868,5733
2010,380929,171522
2010,380939,142970
2010,380960,38540
2010,380964,41356
2010,380965,41662
2010,381154,187095
2010,382715,11104
2010,390846,50001
2010,390923,52471
2010,391010,41878
2010,391042,88091
2010,391056,17320
2010,392232,9384
2010,392287,16243
2010,394003,10901
2010,394009,48510
2010,400466,11857
2010,400480,17263
2010,400524,30735
2010,400548,26205
2010,404046,3643
2010,410782,112957
2010,410804,35598
2010,410806,24316
2010,410817,65504
2010,410828,49064
2010,410852,75267
2010,410891,34760
2010,414018,517
2010,420483,7879
2010,420491,13659
2010,420493,59512
2010,420514,89466
2010,420522,1010
2010,424002,5108
2010,430705,55659
2010,430763,95693
2010,430779,90079
2010,430837,62928
2010,430883,136563
2010,430905,136654
2010,431506,52148
2010,434040,89877
2010,434051,5162
2010,434138,13893
2010,434153,96358
2010,434218,613
2010,440755,63822
2010,444012,6499
2010,444013,23001
2010,450936,2542
2010,450940,31073
2010,450949,59101
2010,454012,28797
2010,454013,560
2010,470871,19779
2010,474007,5496
2010,480989,68634
2010,481015,20266
2010,481094,21377
2010,481357,24637
2010,484001,11913
2010,484028,4010
2010,484044,14477
2010,490919,27739
2010,490964,3988
2010,491001,10237
2010,491064,60000
2010,491076,13658
2010,491338,4573
2010,494019,33071
2010,500852,110796
2010,500867,100021
2010,500939,103738
2010,500954,318
2010,500967,35186
2010,504038,2267
2010,514001,3397
2010,514030,1662
2010,514033,4909
2010,521041,10106
2010,531059,2990
2010,540734,139475
2010,540798,40162
2010,540816,23125
2010,551061,6014
2010,554011,37898
2010,560203,22356
2010,560473,52320
2010,560481,54265
2010,560492,83104
2010,560501,19587
2010,560508,28458
2010,560525,32461
2010,560529,62828
2010,560838,4153
2010,564121,2443
2010,571086,18332
2010,574010,11881
2010,580996,53686
2011,10735,21109
2011,10739,96451
2011,10776,51561
2011,10782,9017
2011,10805,42552
2011,10844,31266
2011,10846,123841
2011,10856,84356
2011,10858,59275
2011,10887,16638
2011,10937,72314
2011,10967,44279
2011,10987,69248
2011,13619,15405
2011,13687,6682
2011,14034,25100
2011,14050,44320
2011,14207,7698
2011,14226,3010
2011,34002,8149
2011,40802,3838
2011,40875,23082
2011,40937,37270
2011,40962,70203
2011,44006,4555
2011,50932,4966
2011,60870,4283
2011,70904,27894
2011,70924,44348
2011,70934,32844
2011,70988,93993
2011,70990,67530
2011,71018,47582
2011,74017,20516
2011,74039,17984
2011,74097,30428
2011,84001,8207
2011,90793,9645
2011,90933,25086
2011,94002,2787
2011,100005,37294
2011,100697,27922
2011,100717,239383
2011,100797,6009
2011,100899,109748
2011,104023,17887
2011,104047,3717
2011,104062,30235
2011,104089,4985
2011,105029,10285
2011,110889,1317
2011,121002,8296
2011,121031,1656
2011,121051,5789
2011,121080,30282
2011,124004,4147
2011,130699,24923
2011,130760,24140
2011,141273,3008
2011,141338,10427
2011,150706,43635
2011,150722,76630
2011,150736,56745
2011,150737,29513
2011,150761,60017
2011,150775,17763
2011,150782,10345
2011,150788,81530
2011,154022,19037
2011,154101,16194
2011,154147,3192
2011,154160,2735
2011,160787,7278
2011,164029,50604
2011,171049,7426
2011,171395,7572
2011,184008,4617
2011,190017,35571
2011,190020,30368
2011,190045,150
2011,190049,23409
2011,190052,25176
2011,190053,62505
2011,190066,27283
2011,190081,36983
2011,190110,61395
2011,190125,78044
2011,190137,21509
2011,190148,73543
2011,190150,22364
2011,190159,15252
2011,190163,32588
2011,190170,88530
2011,190176,55105
2011,190184,49489
2011,190196,28110
2011,190197,11501
2011,190198,34539
2011,190200,49704
2011,190232,41128
2011,190240,37303
2011,190243,44600
2011,190256,31202
2011,190280,10568
2011,190298,21378
2011,190305,27190
2011,190307,31109
2011,190315,65930
2011,190317,12489
2011,190323,121150
2011,190328,13047
2011,190352,14962
2011,190380,21386
2011,190382,86427
2011,190385,88413
2011,190392,78939
2011,190400,136679
2011,190410,26011
2011,190413,44198
2011,190422,109301
2011,190429,142208
2011,190431,58917
2011,190432,46704
2011,190434,48208
2011,190449,59710
2011,190462,18686
2011,190468,50184
2011,190470,96347
2011,190475,19436
2011,190500,16355
2011,190517,67488
2011,190521,57019
2011,190522,58361
2011,190524,34465
2011,190525,102095
2011,190529,84458
2011,190534,32041
2011,190541,11743
2011,190547,20360
2011,190552,27739
2011,190555,293396
2011,190568,89743
2011,190570,15783
2011,190630,113061
2011,190631,83754
2011,190636,82188
2011,190680,63746
2011,190687,77545
2011,190696,58776
2011,190708,19780
2011,190712,2906
2011,190754,114689
2011,190756,53889
2011,190758,92439
2011,190762,52130
2011,190766,13610
2011,190782,15313
2011,190784,14732
2011,190796,166509
2011,190812,83029
2011,190814,18117
2011,190818,31607
2011,190854,39440
2011,190857,3522
2011,190859,44006
2011,190878,101440
2011,190883,38249
2011,190930,24443
2011,190949,55351
2011,191216,2
2011,191225,15372
2011,191227,126587
2011,191228,211560
2011,191231,68386
2011,191306,61060
2011,191450,51013
2011,194010,8071
2011,194219,78265
2011,194967,4693
2011,194981,5825
2011,196035,51771
2011,196168,94254
2011,196403,87176
2011,196404,66541
2011,196405,33156
2011,201281,25816
2011,204019,84090
2011,210992,21334
2011,210993,19943
2011,214034,5600
2011,220733,11855
2011,230949,5410
2011,231013,6561
2011,231396,13485
2011,240924,5970
2011,240942,52919
2011,244027,2462
2011,250955,7844
2011,250956,21570
2011,260011,1811
2011,270744,54579
2011,270777,11184
2011,270875,46564
2011,274043,39338
2011,281047,38751
2011,281078,26809
2011,291023,22979
2011,291053,8736
2011,300032,60131
2011,300225,48014
2011,301097,9755
2011,301098,59816
2011,301127,25067
2011,301132,89781
2011,301140,18373
2011,301155,36110
2011,301175,92711
2011,301188,43940
2011,301205,124921
2011,301209,17662
2011,301234,17212
2011,301248,46790
2011,301258,29824
2011,301262,79619
2011,301279,106349
2011,301283,27856
2011,301297,12147
2011,301304,11065
2011,301317,71501
2011,301337,20173
2011,301340,87306
2011,301342,82922
2011,301357,17454
2011,301379,32998
2011,304079,14866
2011,304113,8705
2011,304159,24881
2011,304460,8671
2011,310791,14189
2011,311000,88766
2011,314024,87867
2011,314029,4493
2011,320859,3655
2011,320986,1386
2011,321016,5075
2011,330120,30619
2011,331152,47760
2011,331164,82868
2011,331168,78852
2011,331194,56356
2011,331216,32963
2011,331226,5331
2011,331288,4712
2011,331293,40133
2011,331312,107563
2011,331326,15837
2011,332172,12147
2011,334018,14359
2011,334025,59160
2011,334048,14924
2011,334068,68567
2011,334457,4608
2011,334487,123237
2011,334589,2420
2011,340913,50043
2011,340947,94164
2011,340950,100716
2011,340951,82092
2011,341006,171415
2011,341051,79204
2011,341052,91497
2011,342344,46110
2011,342392,33317
2011,344011,17496
2011,344017,16840
2011,344021,34463
2011,344029,20994
2011,344035,13127
2011,344114,5990
2011,344170,4156
2011,350784,13419
2011,361105,7046
2011,361110,864
2011,361144,17632
2011,361166,16762
2011,361223,111694
2011,361246,219262
2011,361266,1000
2011,361274,26721
2011,361308,56104
2011,361318,62363
2011,361323,61606
2011,361339,74164
2011,361343,66104
2011,361370,22209
2011,361458,909
2011,362041,43824
2011,364014,26448
2011,364050,29510
2011,364121,14121
2011,364144,24452
2011,364188,18581
2011,364231,116220
2011,370652,32939
2011,370673,90971
2011,370689,51913
2011,370694,165351
2011,370705,20831
2011,370714,125266
2011,370721,17723
2011,370730,113792
2011,370744,156048
2011,370745,39382
2011,370749,22422
2011,370755,109180
2011,370759,54405
2011,370771,81306
2011,370780,75063
2011,370782,148089
2011,370787,30138
2011,370875,110410
2011,370977,62687
2011,371256,40572
2011,371394,45024
2011,374024,25203
2011,374049,3327
2011,374055,48406
2011,374084,7746
2011,374094,28581
2011,380842,153565
2011,380857,65472
2011,380865,344370
2011,380868,5485
2011,380929,167023
2011,380939,145937
2011,380960,37148
2011,380964,37802
2011,380965,37476
2011,381154,183658
2011,382715,10770
2011,390846,41453
2011,390923,46723
2011,391010,45061
2011,391042,83991
2011,391056,16132
2011,392232,8974
2011,392287,17193
2011,394003,7475
2011,394009,41146
2011,400466,11630
2011,400480,17297
2011,400524,28594
2011,400548,24904
2011,404046,3147
2011,410782,90947
2011,410804,33355
2011,410806,22809
2011,410817,59715
2011,410828,34302
2011,410852,73399
2011,410891,32002
2011,414018,442
2011,420483,5620
2011,420491,15577
2011,420493,63598
2011,420514,91410
2011,420522,1013
2011,424002,5004
2011,430705,56653
2011,430763,94605
2011,430779,89125
2011,430837,56995
2011,430883,127261
2011,430905,139299
2011,431506,49448
2011,434040,91480
2011,434051,9114
2011,434138,14274
2011,434153,98119
2011,434218,7434
2011,434220,3262
2011,440755,62877
2011,444012,6753
2011,444013,21315
2011,450936,2964
2011,450940,30724
2011,450949,58936
2011,454012,28399
2011,454013,541
2011,470871,3343
2011,474007,4971
2011,480989,60657
2011,481015,19790
2011,481094,20920
2011,481357,25830
2011,484001,10220
2011,484028,17
2011,484044,12914
2011,490919,25981
2011,490964,4642
2011,491001,10977
2011,491064,59483
2011,491076,13031
2011,491338,4316
2011,494019,33052
2011,500852,111379
2011,500867,82290
2011,500939,101005
2011,500967,25507
2011,504038,2018
2011,514001,3183
2011,514030,1563
2011,514033,4707
2011,521041,10186
2011,531059,3329
2011,540734,137293
2011,540798,50014
2011,540816,24034
2011,551061,52296
2011,554011,42513
2011,560473,54002
2011,560481,51127
2011,560492,81598
2011,560501,22813
2011,560508,21348
2011,560525,26027
2011,560529,61174
2011,560838,6010
2011,564121,2983
2011,571086,18218
2011,574010,11924
2011,580996,55786
2012,10735,40059
2012,10739,91078
2012,10776,52190
2012,10782,13866
2012,10805,39681
2012,10844,83586
2012,10846,123943
2012,10856,83185
2012,10858,56504
2012,10887,15821
2012,10937,66724
2012,10967,30973
2012,10987,63160
2012,13619,14466
2012,13687,6976
2012,14034,31650
2012,14050,46747
2012,14207,7182
2012,14226,3315
2012,34002,8651
2012,40802,3243
2012,40875,23541
2012,40937,41579
2012,40962,68778
2012,44006,4484
2012,50932,4566
2012,60870,4561
2012,70904,27446
2012,70924,45257
2012,70934,31839
2012,70988,93137
2012,70990,67559
2012,71018,43553
2012,74017,18689
2012,74039,19296
2012,74097,29359
2012,84001,7522
2012,90793,10521
2012,90933,22143
2012,94002,3035
2012,100005,38749
2012,100697,13731
2012,100717,248940
2012,100797,6311
2012,100899,106816
2012,104023,17552
2012,104047,3608
2012,104062,26735
2012,104089,4883
2012,105029,10398
2012,110889,1159
2012,121002,9103
2012,121031,694
2012,121051,6220
2012,121080,29120
2012,124004,3372
2012,130699,27883
2012,130760,20494
2012,141273,2701
2012,141338,10320
2012,150706,25055
2012,150722,72505
2012,150736,56288
2012,150737,30164
2012,150761,49607
2012,150775,16782
2012,150782,8471
2012,150788,78671
2012,150808,326
2012,154022,19590
2012,154101,16398
2012,154147,1557
2012,154160,3870
2012,160702,1391
2012,160787,7583
2012,164029,46363
2012,171049,6381
2012,171395,7555
2012,184008,4676
2012,190017,19868
2012,190020,31887
2012,190034,101709
2012,190045,106
2012,190049,24695
2012,190052,23858
2012,190053,55838
2012,190066,26913
2012,190081,41507
2012,190110,65932
2012,190125,77555
2012,190137,21578
2012,190148,70527
2012,190150,25452
2012,190159,13110
2012,190163,33202
2012,190170,97767
2012,190176,60849
2012,190184,54436
2012,190196,28078
2012,190197,10860
2012,190198,31362
2012,190200,54590
2012,190232,42227
2012,190240,35573
2012,190243,43238
2012,190256,30010
2012,190280,9826
2012,190298,19698
2012,190305,26652
2012,190307,31095
2012,190315,69184
2012,190317,13305
2012,190323,117217
2012,190328,12337
2012,190352,15945
2012,190380,17190
2012,190382,99585
2012,190385,101850
2012,190392,68603
2012,190400,125819
2012,190410,30319
2012,190413,42980
2012,190422,108492
2012,190429,142636
2012,190431,52627
2012,190432,46147
2012,190434,45915
2012,190449,59465
2012,190462,17798
2012,190468,47193
2012,190470,96000
2012,190475,17630
2012,190500,15664
2012,190517,68797
2012,190521,58947
2012,190522,53820
2012,190524,35857
2012,190525,101673
2012,190529,83216
2012,190534,25112
2012,190541,14089
2012,190547,20741
2012,190552,27130
2012,190555,274856
2012,190568,76672
2012,190570,14815
2012,190587,41017
2012,190630,114034
2012,190631,83508
2012,190636,75760
2012,190661,23280
2012,190673,13819
2012,190680,68514
2012,190681,584
2012,190687,81824
2012,190696,54708
2012,190708,19218
2012,190712,1279
2012,190754,109493
2012,190756,55110
2012,190758,88948
2012,190762,55236
2012,190766,15100
2012,190782,15978
2012,190784,12437
2012,190796,169200
2012,190812,82675
2012,190814,18986
2012,190818,28627
2012,190854,39073
2012,190857,17128
2012,190859,43707
2012,190878,104546
2012,190883,38383
2012,190930,24972
2012,190949,54812
2012,191216,3
2012,191225,12695
2012,191227,119493
2012,191228,206856
2012,191231,69760
2012,191306,61811
2012,191450,44449
2012,194010,7999
2012,194219,75362
2012,194967,4930
2012,194981,5461
2012,196035,47183
2012,196168,94224
2012,196403,82109
2012,196404,86372
2012,196405,34971
2012,201281,24156
2012,204019,80424
2012,210992,19044
2012,210993,18885
2012,211006,45575
2012,214034,5615
2012,220733,6717
2012,230949,5601
2012,231013,5828
2012,231396,13624
2012,240924,5223
2012,240942,47780
2012,244027,2338
2012,250955,8943
2012,250956,11844
2012,260011,1607
2012,270744,53240
2012,270777,13877
2012,270875,46071
2012,274043,39235
2012,281047,37747
2012,281078,24554
2012,291023,23277
2012,291053,5805
2012,300032,58218
2012,300225,50350
2012,301097,15589
2012,301098,58014
2012,301127,25814
2012,301132,94241
2012,301140,17678
2012,301155,34907
2012,301175,92721
2012,301188,43479
2012,301205,121528
2012,301209,15386
2012,301234,16651
2012,301248,45632
2012,301258,29489
2012,301262,76231
2012,301279,113595
2012,301283,25693
2012,301297,12099
2012,301304,9551
2012,301317,68967
2012,301337,19654
2012,301340,88934
2012,301342,78920
2012,301357,19002
2012,301379,30848
2012,301380,37220
2012,301566,38494
2012,304079,14146
2012,304113,7108
2012,304159,4732
2012,304460,9559
2012,310791,12907
2012,311000,87746
2012,314024,78423
2012,314029,5036
2012,320859,11596
2012,320986,1051
2012,321016,4543
2012,330120,26293
2012,331152,39086
2012,331164,82261
2012,331168,79462
2012,331194,58617
2012,331216,31189
2012,331226,5597
2012,331288,4173
2012,331293,44095
2012,331312,107351
2012,331326,16115
2012,332172,12416
2012,334018,12548
2012,334025,53458
2012,334048,13480
2012,334068,63989
2012,334457,5192
2012,334487,123654
2012,334589,12000
2012,340913,43490
2012,340947,87274
2012,340950,94748
2012,340951,81745
2012,341006,171407
2012,341051,87967
2012,341052,93181
2012,342344,44312
2012,342392,36163
2012,344011,15457
2012,344017,17710
2012,344021,35888
2012,344029,20775
2012,344035,12078
2012,344114,6164
2012,344170,4418
2012,344188,2450
2012,350784,12977
2012,361105,5632
2012,361110,759
2012,361144,15494
2012,361166,14658
2012,361223,120157
2012,361246,208172
2012,361266,1086
2012,361274,28178
2012,361308,53506
2012,361318,61867
2012,361323,64183
2012,361339,74913
2012,361343,65590
2012,361370,20941
2012,361458,953
2012,362041,60170
2012,364014,25795
2012,364050,29881
2012,364121,13582
2012,364144,29437
2012,364188,17789
2012,364231,126775
2012,364430,1490
2012,370652,30177
2012,370673,92823
2012,370689,38941
2012,370694,93092
2012,370695,70783
2012,370705,26218
2012,370714,128436
2012,370721,19158
2012,370730,113552
2012,370744,158709
2012,370745,41104
2012,370749,21443
2012,370755,122049
2012,370759,55642
2012,370771,79544
2012,370780,76728
2012,370782,160748
2012,370787,29399
2012,370875,98867
2012,370977,65249
2012,371256,37468
2012,371394,43834
2012,374024,26479
2012,374049,3636
2012,374055,79105
2012,374084,6890
2012,374094,26277
2012,380842,145843
2012,380857,63134
2012,380865,290123
2012,380868,5912
2012,380929,127727
2012,380933,35625
2012,380939,151960
2012,380960,35552
2012,380964,41648
2012,380965,35859
2012,381154,183177
2012,382715,10566
2012,390846,38549
2012,390923,32028
2012,391010,41199
2012,391042,75371
2012,391056,15851
2012,392232,11320
2012,392287,16678
2012,394003,4897
2012,394009,44738
2012,400466,12374
2012,400480,14843
2012,400524,26186
2012,400548,20848
2012,404046,3717
2012,410782,126065
2012,410804,32418
2012,410806,21217
2012,410817,60623
2012,410828,26207
2012,410852,78108
2012,410891,28680
2012,414018,368
2012,420483,4646
2012,420491,14961
2012,420493,66318
2012,420514,87973
2012,420522,750
2012,424002,5304
2012,430705,56042
2012,430763,97459
2012,430779,88481
2012,430837,54021
2012,430883,123811
2012,430905,141558
2012,431506,46387
2012,434040,86713
2012,434051,8421
2012,434138,13306
2012,434153,96652
2012,434218,7222
2012,434220,3856
2012,440755,62795
2012,444012,6598
2012,444013,20095
2012,450936,3537
2012,450940,29521
2012,450949,58348
2012,454012,28395
2012,454013,510
2012,470871,2998
2012,474007,5217
2012,480989,54625
2012,481015,20656
2012,481094,19949
2012,481357,36754
2012,484044,15025
2012,490919,27654
2012,490964,4029
2012,491001,10062
2012,491064,59721
2012,491076,11577
2012,491338,4199
2012,494019,32935
2012,500852,121153
2012,500867,78049
2012,500939,94239
2012,500967,57577
2012,504038,1902
2012,514001,3247
2012,514030,1317
2012,514033,5188
2012,521041,9443
2012,531059,2344
2012,540734,123882
2012,540798,44731
2012,540816,21169
2012,554011,48764
2012,560203,22323
2012,560473,50228
2012,560481,53555
2012,560492,80503
2012,560501,23811
2012,560508,20276
2012,560525,25138
2012,560529,58072
2012,560838,7206
2012,564121,2620
2012,571086,17603
2012,574010,11720
2012,580996,57729
2013,10735,38987
2013,10739,91761
2013,10776,46733
2013,10782,10237
2013,10844,27726
2013,10846,124851
2013,10856,76845
2013,10858,51488
2013,10887,18770
2013,10937,62722
2013,10967,28599
2013,10987,61936
2013,13619,12071
2013,13687,7504
2013,14034,31961
2013,14050,45333
2013,14207,7714
2013,14226,3567
2013,14233,42347
2013,34002,8695
2013,40802,3613
2013,40875,22306
2013,40937,44635
2013,40962,69827
2013,44006,4876
2013,50932,4403
2013,60870,3880
2013,70904,23611
2013,70924,45276
2013,70934,30776
2013,70988,91846
2013,70990,64856
2013,71018,40730
2013,74017,18181
2013,74039,19811
2013,74097,27788
2013,84001,7957
2013,90793,10094
2013,90933,23573
2013,94002,3256
2013,100005,55580
2013,100697,17754
2013,100717,256702
2013,100797,5945
2013,100899,91920
2013,104023,18158
2013,104047,3804
2013,104062,26958
2013,104089,5177
2013,105029,11912
2013,110889,691
2013,121002,9073
2013,121031,4656
2013,121051,5519
2013,121080,30397
2013,124004,3414
2013,130699,25822
2013,130760,18990
2013,141273,2557
2013,141338,11943
2013,150706,45226
2013,150722,68047
2013,150736,53852
2013,150737,23719
2013,150761,48262
2013,150775,15774
2013,150782,9810
2013,150788,76773
2013,150808,260
2013,154022,20905
2013,154101,16632
2013,154160,4305
2013,160702,312
2013,160787,7594
2013,164029,42818
2013,171049,5589
2013,171395,7347
2013,184008,4275
2013,190017,25844
2013,190020,32064
2013,190034,100090
2013,190045,175
2013,190049,27256
2013,190052,24001
2013,190053,54558
2013,190066,6011
2013,190081,41440
2013,190110,68823
2013,260011,1625
2013,190125,75670
2013,190137,20650
2013,190148,66446
2013,190150,25184
2013,190159,15032
2013,190163,44061
2013,190170,104063
2013,190176,59928
2013,190184,59120
2013,190196,26918
2013,190197,14594
2013,190198,27916
2013,190200,64616
2013,190232,43185
2013,190240,37610
2013,190243,38848
2013,190256,26778
2013,190280,13597
2013,190298,19330
2013,190305,27119
2013,190307,30379
2013,190315,63474
2013,190317,13589
2013,190323,116112
2013,190328,10609
2013,190352,13228
2013,190380,35246
2013,190382,102811
2013,190385,88724
2013,190392,65303
2013,190400,129066
2013,190410,31006
2013,190413,39090
2013,190422,101429
2013,190429,136527
2013,190431,49602
2013,190432,44185
2013,190434,44447
2013,190449,58135
2013,190462,23316
2013,190468,49451
2013,190470,96179
2013,190475,20029
2013,190500,14265
2013,190517,66171
2013,190521,52424
2013,190522,49883
2013,190524,38132
2013,190525,98423
2013,190529,80813
2013,190534,20657
2013,190541,13790
2013,190547,18343
2013,190552,28129
2013,190555,266056
2013,190568,71166
2013,190570,15028
2013,190587,34329
2013,190630,106211
2013,190631,90303
2013,190636,71608
2013,190661,24568
2013,190673,13488
2013,190680,73450
2013,190681,576
2013,190687,74433
2013,190696,52853
2013,190708,25065
2013,190712,891
2013,190754,101658
2013,190756,53452
2013,190758,84401
2013,190762,51169
2013,190766,13724
2013,190782,15091
2013,190784,12306
2013,190796,153387
2013,190812,78835
2013,190818,27770
2013,190854,10601
2013,190857,6020
2013,190859,43270
2013,190878,98310
2013,190883,37609
2013,190930,23777
2013,190949,53031
2013,191216,8672
2013,191225,14595
2013,191227,120971
2013,191228,198711
2013,191231,67600
2013,191306,61108
2013,191450,42270
2013,194010,6278
2013,194219,74888
2013,194967,6189
2013,194981,5992
2013,196035,46989
2013,196168,92022
2013,196403,78639
2013,196404,90960
2013,196405,34518
2013,201281,23514
2013,204019,74572
2013,210992,18610
2013,210993,16281
2013,211006,42064
2013,214034,5173
2013,220733,14852
2013,230949,5869
2013,231013,5167
2013,231396,13309
2013,240924,4998
2013,240942,44274
2013,244027,2266
2013,250955,6901
2013,250956,14721
2013,270744,52923
2013,270777,12670
2013,270875,50142
2013,274043,38995
2013,281047,34267
2013,281078,23014
2013,291023,17656
2013,291053,14570
2013,300032,59836
2013,300225,50636
2013,301097,22986
2013,301098,55169
2013,301127,21891
2013,301140,20083
2013,301155,33741
2013,301175,90182
2013,301188,43306
2013,301205,114209
2013,301209,18754
2013,301234,19045
2013,301248,44901
2013,301258,36478
2013,301262,71336
2013,301279,112368
2013,301283,24079
2013,301297,11577
2013,301304,11217
2013,301317,65629
2013,301337,18248
2013,301340,87725
2013,301342,68014
2013,301357,14053
2013,301379,29216
2013,301380,34783
2013,301566,38370
2013,304079,14548
2013,304113,8242
2013,304159,11788
2013,304409,101723
2013,304460,9670
2013,310791,12244
2013,311000,101386
2013,314024,76772
2013,314029,5196
2013,320859,11633
2013,320986,1121
2013,321016,3547
2013,330120,26100
2013,331152,43305
2013,331164,84237
2013,331168,77411
2013,331194,56879
2013,331216,28260
2013,331226,5152
2013,331288,4022
2013,331293,41550
2013,331312,111755
2013,331326,15184
2013,332172,11835
2013,334018,12368
2013,334025,52702
2013,334048,14941
2013,334068,59586
2013,334457,4960
2013,334487,120346
2013,334564,1282
2013,334589,34942
2013,340913,43519
2013,340947,75157
2013,340950,101800
2013,340951,88176
2013,341006,174824
2013,341051,80736
2013,341052,89590
2013,342344,47581
2013,342392,37646
2013,344011,14969
2013,344017,18919
2013,344021,37336
2013,344029,20848
2013,344035,11855
2013,344114,6224
2013,344170,5434
2013,344188,5678
2013,350784,12602
2013,361110,1354
2013,361144,14345
2013,361166,13609
2013,361223,122036
2013,361246,206411
2013,361266,1268
2013,361274,24724
2013,361308,52029
2013,361318,63059
2013,361323,58673
2013,361339,72551
2013,361343,66499
2013,361370,24551
2013,361458,1506
2013,362041,39879
2013,364014,24917
2013,364050,30645
2013,364121,14953
2013,364144,33443
2013,364188,18502
2013,364231,127180
2013,364430,7236
2013,370652,30091
2013,370673,104920
2013,370689,46362
2013,370694,94346
2013,370695,73857
2013,370705,22414
2013,370714,131176
2013,370721,17415
2013,370730,99183
2013,370744,155293
2013,370745,40429
2013,370749,22301
2013,370755,166090
2013,370759,48092
2013,370771,75177
2013,370780,74158
2013,370782,162836
2013,370787,15562
2013,370875,91254
2013,370977,69400
2013,371256,38578
2013,371394,42965
2013,374024,24685
2013,374049,3447
2013,374055,48719
2013,374094,27898
2013,380842,146920
2013,380857,56631
2013,380865,276546
2013,380868,5743
2013,380929,122329
2013,380933,33988
2013,380939,134128
2013,380960,35782
2013,380964,30984
2013,380965,34298
2013,381154,187660
2013,382715,11298
2013,390846,32919
2013,390923,33763
2013,391010,40922
2013,391042,73987
2013,391056,13076
2013,392232,11556
2013,392287,15379
2013,394003,5138
2013,394009,45679
2013,400466,12947
2013,400480,15120
2013,400524,25167
2013,400548,19888
2013,404046,4134
2013,410782,59678
2013,410804,32836
2013,410806,19458
2013,410817,47665
2013,410828,37070
2013,410852,99636
2013,410891,25635
2013,414018,299
2013,420483,4615
2013,420491,14073
2013,420493,63910
2013,420514,88009
2013,420522,604
2013,424002,5360
2013,430705,64358
2013,430763,98497
2013,430779,86275
2013,430837,55767
2013,430883,128023
2013,430905,144774
2013,431506,44563
2013,434040,93708
2013,434051,8008
2013,434138,11657
2013,434153,93958
2013,434218,7032
2013,434220,4086
2013,440755,55761
2013,444012,6012
2013,444013,19847
2013,444029,77
2013,450936,13250
2013,450940,28065
2013,450949,58776
2013,454012,27808
2013,454013,491
2013,470871,2897
2013,474007,5559
2013,480989,53714
2013,481015,20256
2013,481094,19379
2013,481357,38551
2013,484044,17586
2013,490919,26457
2013,490964,3478
2013,491001,8924
2013,491064,57408
2013,491076,12719
2013,491338,3536
2013,494019,30382
2013,494048,782
2013,500852,129664
2013,500867,92125
2013,500939,89372
2013,500954,4609
2013,500967,44137
2013,504038,1644
2013,514001,3173
2013,514030,1407
2013,514033,4903
2013,521041,8764
2013,531059,4549
2013,540734,127581
2013,540798,29638
2013,540816,18598
2013,554011,40181
2013,560203,23657
2013,560473,50296
2013,560481,53713
2013,560492,86681
2013,560501,15204
2013,560508,34421
2013,560525,22613
2013,560529,57785
2013,560838,6041
2013,571086,17522
2013,574010,12273
2013,580996,56253
2014,100005,61643
2014,100697,17157
2014,100717,264987
2014,100797,6931
2014,100899,91048
2014,104023,18803
2014,104047,3814
2014,104062,26545
2014,104089,5363
2014,105029,12099
2014,10735,53546
2014,10739,86375
2014,10776,51104
2014,10782,13886
2014,10844,26197
2014,10846,106084
2014,10856,39418
2014,10858,24074
2014,10887,17901
2014,10937,50012
2014,10967,26406
2014,10987,62439
2014,110889,1028
2014,121002,9304
2014,121031,5004
2014,121051,5478
2014,121080,32646
2014,124004,3878
2014,130699,22745
2014,130760,18829
2014,13619,11058
2014,13687,7041
2014,14034,31451
2014,14050,42304
2014,141273,3646
2014,14132,5980
2014,141338,5136
2014,14207,8046
2014,14226,3644
2014,14233,42767
2014,14326,39455
2014,150706,26837
2014,150722,66055
2014,150736,51780
2014,150737,17653
2014,150761,48959
2014,150775,15537
2014,150782,11681
2014,150788,81854
2014,150808,315
2014,154022,21633
2014,154101,15589
2014,154160,4208
2014,160787,8323
2014,164029,41594
2014,171049,5613
2014,171395,6209
2014,184008,4365
2014,190017,26245
2014,190020,32486
2014,190034,92200
2014,190045,1724
2014,190049,25344
2014,190052,23523
2014,190053,55487
2014,190081,39301
2014,190110,76098
2014,190125,79499
2014,190137,21572
2014,190148,72216
2014,190150,23040
2014,190159,18058
2014,190163,45596
2014,190170,101494
2014,190176,58069
2014,190184,59131
2014,190196,25970
2014,190197,13536
2014,190198,33689
2014,190200,58395
2014,190232,42567
2014,190240,39604
2014,190243,34477
2014,190256,22182
2014,190280,15651
2014,190298,20319
2014,190305,26106
2014,190307,30624
2014,190315,67095
2014,190317,12178
2014,190323,113052
2014,190328,11011
2014,190352,16319
2014,190380,37214
2014,190382,85837
2014,190385,88626
2014,190392,61838
2014,190400,120969
2014,190410,28700
2014,190413,37691
2014,190422,104571
2014,190429,134234
2014,190431,46043
2014,190432,39146
2014,190434,43643
2014,190449,57471
2014,190462,27292
2014,190468,56212
2014,190470,96857
2014,190475,21202
2014,190500,14447
2014,190517,65315
2014,190521,47466
2014,190522,56443
2014,190524,41529
2014,190525,100120
2014,190529,85532
2014,190534,18379
2014,190541,13101
2014,190547,20379
2014,190552,20145
2014,190555,253697
2014,190568,66214
2014,190570,15466
2014,190587,36782
2014,190630,105718
2014,190631,90643
2014,190636,73467
2014,190661,22578
2014,190673,12971
2014,190680,51215
2014,190681,652
2014,190687,84827
2014,190696,44255
2014,190708,28103
2014,190712,369
2014,190754,103955
2014,190756,55495
2014,190758,80887
2014,190762,47568
2014,190766,13804
2014,190782,13931
2014,190784,9146
2014,190796,155570
2014,190812,76683
2014,190818,29391
2014,190857,10123
2014,190859,42611
2014,190878,93948
2014,190883,41584
2014,190930,24685
2014,190949,55158
2014,191216,10835
2014,191225,16090
2014,191227,114004
2014,191228,195170
2014,191231,67992
2014,191306,54142
2014,191450,44866
2014,194010,6092
2014,194219,86466
2014,194967,4803
2014,194981,5493
2014,196035,47369
2014,196168,83413
2014,196403,78092
2014,196404,83012
2014,196405,36434
2014,201281,19956
2014,204019,77910
2014,210992,16970
2014,210993,17191
2014,211006,42406
2014,214034,4265
2014,220733,9517
2014,230949,5683
2014,231013,4730
2014,231396,13795
2014,240924,5290
2014,240942,39283
2014,244027,2314
2014,250955,4570
2014,250956,17178
2014,260011,1315
2014,270744,55157
2014,270777,20701
2014,270875,45532
2014,274043,38207
2014,281047,32536
2014,281078,22538
2014,291023,18452
2014,291053,7141
2014,300032,58539
2014,300225,48325
2014,301098,52871
2014,301127,25584
2014,301140,24115
2014,301155,35115
2014,301175,94365
2014,301188,40594
2014,301205,114049
2014,301209,18494
2014,301234,18509
2014,301248,45162
2014,301258,26811
2014,301262,71773
2014,301279,114253
2014,301283,23437
2014,301297,10756
2014,301304,11097
2014,301317,61694
2014,301337,18305
2014,301340,85194
2014,301342,63667
2014,301357,3658
2014,301379,32282
2014,301380,32991
2014,301566,37256
2014,304079,14758
2014,304113,7651
2014,304159,4621
2014,304409,106069
2014,304460,10206
2014,310791,11408
2014,311000,86721
2014,314024,79156
2014,314029,5396
2014,320859,6401
2014,320986,1117
2014,321016,5328
2014,330120,24346
2014,331152,47545
2014,331164,93040
2014,331168,72060
2014,331194,56032
2014,331216,28623
2014,331226,6490
2014,331288,3817
2014,331293,44097
2014,331312,109149
2014,331326,16132
2014,332172,12133
2014,334018,11567
2014,334025,51818
2014,334048,14608
2014,334068,60514
2014,334457,4559
2014,334487,109907
2014,334564,13952
2014,334589,36460
2014,34002,9006
2014,340913,41384
2014,340947,74447
2014,340950,109093
2014,340951,88580
2014,341006,167022
2014,341051,48973
2014,341052,84411
2014,342344,51077
2014,342392,39475
2014,344011,14624
2014,344017,19475
2014,344021,38225
2014,344029,23124
2014,344035,13521
2014,344114,5818
2014,344170,5710
2014,344188,4484
2014,350784,10158
2014,361110,9889
2014,361144,14884
2014,361166,13267
2014,361223,121075
2014,361246,209003
2014,361266,1400
2014,361274,24220
2014,361308,52545
2014,361318,64734
2014,361323,56612
2014,361339,74334
2014,361343,67385
2014,361370,24333
2014,361458,1722
2014,362041,48672
2014,364014,25675
2014,364050,31158
2014,364121,17211
2014,364144,34682
2014,364188,17409
2014,364231,118222
2014,364430,7044
2014,364451,6635
2014,370652,30737
2014,370673,103560
2014,370689,33506
2014,370694,98889
2014,370695,77587
2014,370705,24868
2014,370714,132180
2014,370721,17781
2014,370730,100362
2014,370744,147546
2014,370745,38022
2014,370749,21929
2014,370755,102398
2014,370759,34382
2014,370771,72329
2014,370780,76444
2014,370782,172318
2014,370787,12007
2014,370875,102758
2014,370977,76147
2014,371256,37143
2014,371394,46096
2014,374024,25640
2014,374049,3309
2014,374055,65036
2014,374094,25847
2014,380842,89763
2014,380857,58627
2014,380865,227413
2014,380868,6225
2014,380929,134229
2014,380933,38125
2014,380939,113810
2014,380960,36469
2014,380964,27351
2014,380965,29412
2014,381154,192143
2014,382715,7987
2014,390846,35169
2014,390923,33194
2014,391010,40676
2014,391042,74835
2014,391056,14320
2014,392232,11969
2014,392287,14712
2014,394003,5291
2014,394009,39733
2014,400466,14027
2014,400480,15561
2014,400524,24880
2014,400548,18433
2014,404046,3842
2014,40802,3154
2014,40875,21347
2014,40937,40997
2014,40962,73878
2014,410782,73202
2014,410804,32066
2014,410806,18802
2014,410817,47765
2014,410828,25793
2014,410852,65655
2014,410891,24135
2014,414018,248
2014,420483,5301
2014,420491,13809
2014,420493,71183
2014,420514,88486
2014,420522,654
2014,424002,5312
2014,430705,62987
2014,430763,101420
2014,430779,88362
2014,430837,52517
2014,430883,136257
2014,430905,149634
2014,431506,43517
2014,434040,90544
2014,434051,9755
2014,434138,10864
2014,434153,86262
2014,434218,6936
2014,44006,4858
2014,440755,47452
2014,444012,6483
2014,444013,18801
2014,450936,18953
2014,450940,29749
2014,450949,58584
2014,454012,27721
2014,454013,546
2014,470871,2698
2014,474007,4801
2014,480989,52384
2014,481015,19612
2014,481094,17483
2014,481357,39483
2014,484044,23634
2014,490919,23154
2014,490964,4171
2014,491001,9446
2014,491064,62045
2014,491076,11030
2014,491338,898
2014,494019,33251
2014,494048,12351
2014,494106,4875
2014,500852,132683
2014,500867,76849
2014,500939,85192
2014,500954,26303
2014,500967,30825
2014,504038,1278
2014,50932,4392
2014,514001,3301
2014,514030,1300
2014,514033,5290
2014,521041,9269
2014,531059,3634
2014,540734,134236
2014,540798,35637
2014,540816,15541
2014,554011,40695
2014,560203,24484
2014,560473,52214
2014,560481,51598
2014,560492,91413
2014,560501,18873
2014,560508,19479
2014,560525,26869
2014,560529,53715
2014,560838,4650
2014,571086,21061
2014,574010,12238
2014,580996,53871
2014,60870,4284
2014,70904,17126
2014,70924,47274
2014,70934,30944
2014,70988,94432
2014,70990,60479
2014,71018,43910
2014,74017,17883
2014,74039,19236
2014,74097,27181
2014,84001,7286
2014,90793,9149
2014,90933,25066
2014,94002,4194